-- phpMyAdmin SQL Dump
-- version 4.0.4.1
-- http://www.phpmyadmin.net
--
-- Inang: 127.0.0.1
-- Waktu pembuatan: 27 Nov 2021 pada 05.14
-- Versi Server: 5.5.32
-- Versi PHP: 5.4.19

SET SQL_MODE = "NO_AUTO_VALUE_ON_ZERO";
SET time_zone = "+00:00";


/*!40101 SET @OLD_CHARACTER_SET_CLIENT=@@CHARACTER_SET_CLIENT */;
/*!40101 SET @OLD_CHARACTER_SET_RESULTS=@@CHARACTER_SET_RESULTS */;
/*!40101 SET @OLD_COLLATION_CONNECTION=@@COLLATION_CONNECTION */;
/*!40101 SET NAMES utf8 */;

--
-- Basis data: `flutter_160419118`
--
CREATE DATABASE IF NOT EXISTS `flutter_160419118` DEFAULT CHARACTER SET utf8 COLLATE utf8_general_ci;
USE `flutter_160419118`;

-- --------------------------------------------------------

--
-- Struktur dari tabel `category`
--

CREATE TABLE IF NOT EXISTS `category` (
  `idcategory` int(11) NOT NULL AUTO_INCREMENT,
  `nama_category` varchar(100) DEFAULT NULL,
  `description_category` longtext,
  `image` varchar(45) DEFAULT NULL,
  PRIMARY KEY (`idcategory`)
) ENGINE=InnoDB  DEFAULT CHARSET=utf8 AUTO_INCREMENT=9 ;

--
-- Dumping data untuk tabel `category`
--

INSERT INTO `category` (`idcategory`, `nama_category`, `description_category`, `image`) VALUES
(1, 'Indonesian Food', 'Masakan Indonesia adalah salah satu tradisi kuliner yang paling kaya di dunia, dan penuh dengan cita rasa yang kuat', 'image/category/indonesia.jpg'),
(2, 'Korean Food', 'Makanan tradisional yang berdasarkan pada teknik dan cara memasak orang Korea', 'image/category/korea.jpg'),
(3, 'Chinese Food', 'Makanan harus memuaskan selera dan melengkapi rasa, meskipun sederhana bahan-bahannya', 'image/category/china.jpg'),
(4, 'Thailand Food', 'Rasa pedas dan penuh bumbu, namun dipadu dengan keseimbangan rasa manis, asin, masam, dan pedas', 'image/category/thailand.jpg'),
(5, 'Italian Food', 'Variasi masakan Italia beragam berdasarkan daerahnya masing-masing, yang membentang mulai dari bagian Pegunungan Alpen sampai kawasan Mediterania yang beriklim subtropis', 'image/category/italia.jpg'),
(6, 'Jepang Food', 'Makanan yang dimasak dengan cara memasak yang berkembang secara unik di Jepang dan menggunakan bahan makanan yang diambil dari wilayah Jepang dan sekitarnya', 'image/category/jepang.png'),
(7, 'Junk Food', 'Makanan tidak sehat yang tinggi kalori dari gula atau lemak, dengan sedikit serat makanan, protein, vitamin, mineral, atau bentuk nilai gizi penting lainnya', 'image/category/junkfood.jpg'),
(8, 'Healthy Food', 'Makanan yang memberikan Anda nutrisi yang Anda butuhkan untuk mendukung mendukung kesehatan tubuh', 'image/category/healthyfood.jpg');

-- --------------------------------------------------------

--
-- Struktur dari tabel `recipes`
--

CREATE TABLE IF NOT EXISTS `recipes` (
  `idrecipes` int(11) NOT NULL AUTO_INCREMENT,
  `username` varchar(20) NOT NULL,
  `nama_recipes` longtext,
  `description_recipe` longtext,
  `bahan_bahan` longtext,
  `cara_memasak` longtext,
  PRIMARY KEY (`idrecipes`),
  KEY `fk_recipes_users1_idx` (`username`)
) ENGINE=InnoDB  DEFAULT CHARSET=utf8 AUTO_INCREMENT=55 ;

--
-- Dumping data untuk tabel `recipes`
--

INSERT INTO `recipes` (`idrecipes`, `username`, `nama_recipes`, `description_recipe`, `bahan_bahan`, `cara_memasak`) VALUES
(1, 'admingiven', 'Rendang Paha Ayam Organik', 'Paha Ayam Dengan Perpaduan Bumbu Rendang Yang Nikmat', '- 4 paha ayam organik\n- 2 buah kentang potong-potong\n- 2 butir telur rebus\n- 1 lembar daun kunyit iris\n- 4 lembar daun jeruk\n- 2 lembar daun salam \n- 1 bungkus kerisik (kelapa parut kering) \n- 200 ml santan + air \n- Garam, perasan dan gula malaka \n- 8 butir bawang merah \n- 3 butir bawang putih \n- 1 cm kunyit \n- 1 cm jahe \n- 1 cm lengkuas \n- 2 batang serai \n- 3 buah cabai rawit \n- 3 buah cabai merah ', '- Goreng kentang sisihkan. \n- Panaskan minyak tumis bahan halus sampai kering dan pecah minyak. \n- Masukkan ayam tumis sebentar kemudian masukkan santan dengan air aduk rata. \n- Masukkan kerisik, daun jeruk, daun salam, dan daun kunyit.\n- Kemudian masukkan kentang dan telur rebus tambahkan garam, gula malaka dan perasa. \\n\n- Masak dengan api kecil sampai air kering, jika ingin berkuah jangan masak sampai kering. \\n'),
(2, 'admingiven', 'Gulai Ayam', 'Gulai Ayam Dengan Bumbu Rempah Rempah Yang Sangat Menggoda', '- 1/2 ekor ayam\n- 1 buah jeruk nipis\n- 1 batang serai geprek\n- 2 lembar daun salam\n- 2 lembar daun jeruk \n- 200 ml santan encer \n- 200 ml santan kental \n- air matang secukupnya\n- secukupnya garam dan kaldu bubuk.\n- 6 siung bawang merah \n- 3 siung Bawang Putih \n- 3 butir kemiri sangrai \n- 4 cm lengkuas muda \n- 3 cm kunyit \n- 3 cm jahe \n- 1 sdm ketumbar \n- 1 sdt lada bubuk \n- 5 buah cabai rawit \n- 10 cabai merah keriting ', '- Cuci bersih daging ayam dan lumuri dengan jeruk nipis diamkan kurang lebih 10 menit \n- Tumis bumbu halus sampai wangi, masukkan daun salam, daun jeruk, dan sereh, aduk sampai bumbu matang, masukkan ayam, aduk rata, masak sampai berubah warna, tambahkan garam dan kaldu \n- Masukkan santan encer dan air, masak dengan api sedang sampai daging ayam empuk \n- Setelah kuah menyusut dan daging ayam empuk, masukkan santan kental, masak sambil terus diaduk sampai santan mendidih dan bumbu meresap. '),
(3, 'admingiven', 'Indomie Seblak Macaroni', 'Indomie Dengan Kuah Seblah Dan Topping Macaroni Yang Bikin Nagih', '- 1 bungkus Indomie (mi rasa ayam bawang) rebus.\n- 30 gram macaroni rebus tiriskan\n- sedikit kerupuk bawang mentah rendam air panas hingga empuk beri sedikit minyak supaya tidak lengket\n- secukupnya daun bawang iris\n- 1 buah sosis iris \n- 1buah telur kocok lepas \n- 2 gelas air \n- sedikit garam, gula dan bumbu indomie \n- 3 bawang merah \n- 2 bawang putih \n- 5 cabai merah keriting\n- 3 rawit atau sesuai selera \n- 1 cm kencur ', '- Tumis bumbu halus dengan sedikit minyak\n- masukkan air, setelah mendidih masukkan kocokan telur diaduk \n- masukkan macaroni, lalu sosis kerupuk dan mi, beri gula garam bumbu indomie \n- aduk rata test rasa angkat sajikan taburi dengan daun bawang.'),
(4, 'admingiven', 'Penyetan sambel terasi udang', 'Sambal Terasi Udang Yang Membelegar Untuk Semua Lauk Penyetan', '- 25 buah cabai rawit merah\n- 15 buah cabai rawit ijo\n- 8 siung bawang merah\n- 4 siung bawang putih\n- 1 tomat sedang\n- 2 bungkus terasi', '- Bahan di atas goreng semua sampai agak layu\n- Uleg jangan halus-halus beri garam dan gula sesuai rasa yang diinginkan\n- Tinggal siapkan lauk bisa tempe goreng, telur rebus, ayam, udang, dan lain-lain.'),
(5, 'admingiven', 'Tumis jamur tiram.', 'Makanan Dari Jarum Tiram Yang Sangat Simple Dan Tidak Memakan Dompet Anda', '- 2 bungkus jamur tiram\n- 1/2 papan tempe\n- 4 siung bawang merah\n- 3 siung bawang putih\n- 5 buah cabai hijau \n- saus tiram \n- kaldu jamur \n- garam dan gula ', '- Cuci bersih jamur, siangi, sisihkan.\n- Goreng tempe setengah kering. Sisihkan.\n- Tumis dua bawang dan cabai sampai harum, masukkan jamur, aduk rata, tambahkan saus tiram, kaldu jamur, gula dan garam. Aduk rata.\n- Masukkan tempe, beri sedikit air, masak sampai bumbu meresap. Angkat dan sajikan.'),
(6, 'admingiven', 'Oseng kacang panjang', 'Makanan Dengan Memanfaatkan Kacang Panjang Yang Sangat Simple Dan Tidak Memakan Dompet Anda', '- 12 buah kacang panjang\n- 1 buah tempe\n- 2 papan pete dikupas kulit\n- 5 bawang putih diiris\n- 4 bawang merah diiris \n- 5 buah cabai merah diiris \n- 1 ruas lengkuas digeprek \n- 1 ruas jahe digeprek \n- 1 serai digeprek\n- 2 daun salam\n- 2 daun jeruk\n- 2 sdm kecap manis \n- 1 sdm saus tiram\n- 1 sdt gula pasir\n- 1/2 sdt garam\n- air putih\n- minyak goreng', '- Potong-potong kacang panjang cuci bersih dan sisihkan. Potong kecil-kecil tempe dan digoreng sebentar. Angkat dan tiriskan.\n- Siapkan wajan beri minyak goreng secukupnya. Tumis bawang merah dan putih sampai layu lalu masukkan lengkuas, jahe ,serai, daun salam dan daun jeruk, cabai merah. Aduk rata. Masukkan kacang panjang dan pete oseng-oseng lalu beri kecap manis, saus tiram, gula dan garam aduk rata beri sedikit air.\n- Koreksi rasa dan terakhir masukkan tempe goreng oseng-oseng sebentar sampai semua bahan tercampur rata. Lalu matikan api dan sajikan.'),
(7, 'admingiven', 'Cumi pedas manis', 'Cumi Dengan Olahan Bumbu Pedas Dan Manis Yang Sangat Menggoda', '- 1 kg cumi ukuran besar cuci bersih kemudian beri sedikit cuka dan garam, potong sesuai selera. Lalu cuci lagi sampai bersih.\n- 2 papan petai\n- 10 butir bawang merah\n- 10 buah cabai keriting merah\n- 1 buah tomat \n- 50 gram daun bawang \n- dua ruas jahe \n- 5 siung bawang putih\n- 6 butir bawang merah \n- 5 sdm saus cabai \n- 1,5 sdm gula pasir \n- 2 sdm cabai rawit halus/uleg. kaldu bubuk secukupnya \n- 1/2 sdt lada hitam. ', '- Tumis bumbu halus sampai matang lalu masukkan cumi. aduk rata.\n- Beri sedikit air (100 ml) kalau sudah mendidih masukkan semua bumbu.\n- Masukkan saat kuah mulai sedikit surut dan mengental masukkan semua bumbu iris plus petai. \n- Aduk-aduk biarkan sebentar lalu angkat dan sajikan. '),
(8, 'admingiven', 'Pesmol ikan nila', 'Ikan NIla Dengan Olahan Pesmol Yang Sangat Pas Di Tanggal Tua', '- 1 kg ikan nila (sesuai selera) cuci bersih, beri garam dan perasan jeruk nipis, diamkan 30 menit, lalu goreng kering, sisihkan \n- 10 butir bawmer\n- 8 siung bawput\n- 4 buah kemiri\n- 1/2 sdt ketumbar \n- 2 cm kunyit \n- Minyak goreng untuk menumis \n- 1 cm jahe \n- 1 cm lengkuas \n- 2 lembar daun salam \n- 1 batang serai \n- 200 ml santan \n- gula garam kaldu bubuk \n- 1 batang daun bawang, iris kasar \n- 2 buah cabai merah, iris kasar \n- 5 buah cabai rawit, biarkan utuh \n- cuka masak sedikit secukupnya. \n- gula pasir, garam, kaldu bubuk secukupnya ', '- Tumis bumbu halus dan bumbu lainnya sampai harum, lalu masukkan santan, masak sampai mendidih.\n- Masukkan ikan, beri gula, garam, kaldu bubuk, dan sedikit cuka masak lalu koreksi rasa.\n- Masuk daun bawang, cabai merah, cabai rawit, masak hingga air surut. '),
(9, 'admingiven', 'Cumi sambal hijau', 'Cumi Dengan Olahan Sambal Hijau Yang Sangat Memanaskan Jiwa', '- cumi 500 gr \n- pokak secukupnya \n- garam/penyedap \n- bombai iris secukupnya \n- potongan tomat/dadu \n- air jeruk nipis \n- daun jeruk nipis \n- bamer 12-15 buah ukuran kecil \n- baput 1 siung \n- cabai hijau 1 ons ', '- Bersihkan cuci, potong-potong. \n- Sirami dengan air jeruk nipis dan garam diamkan 5 menit kemudian bilas, goreng cumi sebentar dan tiriskan \n- Cuci pokak, goreng sebentar, sisihkan \n- Ulek kasar cabai, garam/penyedap \n- Panaskan minyak, masukkan bombai, potongan tomat sampai layu, masukkan cabai ulek dan daun jeruk \n- Masukkan cumi dan pokak aduk-aduk sampai tercampur rata sajikan. '),
(10, 'admingiven', 'Pepes lais tempoyak', 'Ikan Lais Tempoyak Dengan Olahan Pepes Yang Sangat Menggugah Jiwa', '- 1/2 kg ikan lais \n- 1 buah jeruk nipis \n- 1 sdt garam\n- 2 sdm tempoyak\n- 1 btg serai \n- 3 siung bawang putih \n- 6 siung bawang merah \n- 3 butir kemiri \n- 2 cm kunyit \n- 1 cm jahe \n- 1/2 tomat \n- 5 buah cabai merah \n- 2 cm laos \n- 1/2 sdt garam \n- 1 sdt gula \n- Kemangi dan cabai rawit \n- Secukupnya daun pisang ', '- Cuci ikan lais hingga bersih, lalu beri air jeruk nipis, beri garam sedikit, diamkan 15 menit.\n- Tumis semua bumbu halus dan serai dengan sedikit minyak hingga harum.\n- Lalu beri garam dan gula juga masukkan tempoyaknya cicipi lalu angkat bumbunya. Lumuri ikan dgn daun kemangi, dan cabai rawit. \n- Bungkus, sematkan ujung daun pisangnya dengan tusuk gigi. \n- Kukus kurang lebih 30 menit. \n- Kemudian bakar diatas teflon saja. '),
(11, 'admingiven', 'Tteokbokki', 'Tteokbokki merupakan sejenis kue berbahan beras yang disajikan dengan saus pedas berbasis gochujang', '- 250 gram tepung beras \n- 3 sendok makan tepung tapioka\n- air panas secukupnya \n- garam secukupnya \n- minyak goreng secukupnya \\n\n- 5 siung bawang putih \\n\n- 2 sendok makan gochujang \\n\n- 2 butir bawang merah \\n\n- 2 buah cabai rawit \\n\n- 2 sendok makan gula pasir \\n\n- merica bubuk secukupnya \\n\n- 1 batang daun daun bawang, diiris halus \\n\n- 1 butir telur rebus setengah matang \\n\n- 1 sendok teh minyak wijen \\n\n- wijen sangrai secukupnya \\n\n- odeng secukupnya (bisa diganti bakso ikan) \\n', '- Campurkan tepung tapioka, tepung beras, dan garam. Aduk rata sambil dituangi air panas sedikit demi sedikit sampai adonan bisa diuleni dengan tangan.\n- Uleni adonan tteok, buat seperti silinder dengan ketebalan sekita 1 cm. Setelah itu potong-potong sepanjang 2 ruas jari.\n- Rebus adonan tteok di dalam air yang sudah diberi sedikit minyak goreng agar tidak lengket. Jika sudah mendidih dan tteok mengambang, angkat dari panci. Tiriskan airnya dan sisihkan.\n- Haluskan bawang putih, bawang merah, dan cabai rawit, kemudian tumis dengan sedikit minyak goreng hingga harum. Masukkan pasta gochujang, tambahkan sedikit air, gula, garam, dan merica, lalu aduk hingga rata.\n- Masukkan tteok dan odeng/bakso ikan, kemudian aduk hingga rata sambil dituangi minyak wijen. \n- Sajikan tteokbokki di atas piring. Taburi dengan wijen sangrai dan daun bawang. Belah telur rebus menjadi dua bagian, kemudian letakkan di sampingnya. '),
(12, 'admingiven', 'Kimchi Sujebi', 'Sejenis sup berbasis kimchi dan gochujang yang biasa disantap warga negeri ginseng. ', '- 1 buah kentang ukuran sedang, potong dadu\n- 1 buah bawang bombay ukuran sedang, iris melintang\n- 50 gram kimchi (cara membuat bisa dilihatdi sini)\n- 2 siung bawang putih, cincang \n- 2 sendok makan air kimchi \n- 2 sendok makan gochujang \n- kaldu ikan bubuk secukupnya \n- kaldu jamur secukupnya (opsional) \n- gula pasir secukupnya \n- garam secukupnya \n- air secukupnya \n- 70 gram terigu protein sedang (tepung terigu serbaguna)\n- 1/4 sendok teh garam\n- 1 sendok teh minyak goreng\n- air secukupnya \n- 1 sendok teh minyak wijen \n- 1 batang daun bawang perai, iris menyerong ', '- Langkah pertama adalah membuat sujebi. Campur tepung terigu, minyak goreng, garam, dan air secukupnya. Uleni dengan tangan hingga adonan lembut. Setelah itu masukkan ke dalam plastik, ikat, dan masukkan ke dalam lemari es.\n- Langkah selanjutnya adalah membuat sup kimchi. Panaskan air di panci secukupnya. Masukkan kimchi, air kimchi, kentang yang sudah dipotong dadu, bawang bombay, bawang putih cincang, dan kaldu ikan. Masak hingga mendidih kurang lebih 10 menit.\n- Setelah sup matang, bumbui dengan gochujang, gula, garam, dan kaldu jamur.\n- Keluarkan adonan sujebi dari lemari es. Tarik-tarik hingga melar dan tipis, kemudian masukkan ke dalam panci dengan disobek-sobek menggunakan tangan. Rebus sujebi bersama sup hingga matang, kurang lebih selama 3 menit.\n- Setelah matang, masukkan irisan daun bawang perai dan minyak wijen ke dalam kimchi sujebi.'),
(13, 'admingiven', 'Japchae', 'Masakan sejenis bihun goreng, hanya saja menggunakan bihun yang terbuat dari ketela.', '- 400 gram soun\n- 200 gram daging sapi, iris tipis-tipis\n- 6 buah jamur shitake, iris tipis \n- 2 butir telur ayam, kocok lepas \n- 1 buah bawang bombay, iris halus \n- 1 batang wortel, kupas dan iris korek api\n- 1 ikat bayam, ambil daunnya saja \n- 1 sendok makan minyak wijen (untuk mengurapi soun) \n- 1/2 buah paprika merah, iris memanjang tipis \n- garam secukupnya \n- minyak goreng secukupnya \n- 1 sendok makan kecap asin \n- 1 sendok makan gula pasir \n- 1/2 sendok makan minyak wijen \n- 1 siung bawang putih, cincang halus \n- 100 cc kecap asin\n- 100 cc madu \n- 2 sendok makan minyak wijen\n- 1 sendok makan wijen sangrai\n- 1 siung bawang putih, cincang halus\n- merica bubuk secukupnya', '- Langkah pertama adalah membuat bumbu rendaman daging. Campur kecap asin, gula pasir, minyak wijen, dan bawang putih cincang. Rendam irisan daging di dalamnya selama 15 menit.\n- Panaskan sedikit minyak goreng, kemudian buat telur dadar tipis.\n- Panaskan minyak goreng lagi, lalu tumis bawang bombay hingga harum dan layu. Sisihkan di pinggir wajan, lalu masukkan wortel, paprika, dan jamur.\n- Panaskan sedikit minyak, lalu tumis daging yang sudah direndam tadi sampai berubah warna. Angkat dan sisihkan.\n- Seduh daun bayam dengan air mendidih, lalu angkat dan peras airnya. \\n\n- Rebus soun sampai lunak dan transparan, lalu tiriskan airnya. Urapi dengan minyak wijen agar tidak lengket. \\n\n- Langkah terakhir adalah meracik japchae dengan bumbu-bumbunya. Tuang kecap asin, madu, minyak wijen, dan bawang putih ke dalam mangkuk. Selanjutnya, campur dengan soun, daging tumis, bawang bombay tumis, wortel, jamur, dan bayam. \\n\n- Pindahkan ke piring saji, lalu taburi dengan wijen sangrai. \\n'),
(14, 'admingiven', 'Tokebi', 'Sejenis corn dog, terbuat dari sosis atau keju yang ditusuk lidi, kemudian dilapisi adonan tepung.', '- 250 gram tepung pancake mix \n- 75 ml susu cair \n- 4-5 buah sosis ukuran besar (misalnya bratwurst/knockwurst) \n- 1 butir telur ayam \n- kentang goreng beku secukupnya \n- tusuk sate secukupnya \n- minyak goreng secukupnya \n- Gula pasir berbutir halus secukupnya \n- Saus tomat/sambal secukupnya \n- Honey mustad secukupnya ', '- Dalam mangkuk, campurkan tepung pancake mix, telur ayam dan susu. Aduk sampai rata, kemudian tuang ke dalam gelas tinggi agar lebih mudah mencelupkan sosis nanti. \n- Potong-potong kentang goreng membentuk dadu, kemudian sisihkan. \n- Tusuk sosis dengan tusuk sate, kemudian lapisi dengan sedikit tepung kering agar adonan pancake bisa menempel sempurna. \n- Celupkan sosis tusuk ke dalam adonan pancake hingga terbaluri seluruhnya. Setelah itu gulingkan pada kentang beku. Tekan-tekan agar kentang menempel sempurna pada adonan pancake. \n- Panaskan minyak goreng yang banyak, kemudian goreng sosis tusuk dengan api sedang. Pastikan adonan pancake di dalamnya matang dan kentang berwarna keemasan. Kurang lebih proses penggorengan berlangsung selama 5 menit.\n- Angkat tokebi yang sudah matang dan gulingkan ke gula pasir. Sajikan bersama saus tomat dan honey mustard. '),
(15, 'admingiven', 'Patbingsoo', 'Hidangan penutup berupa es serut yang disajikan bersama potongan buah segar.', '- 2 sendok makan cornflakes \n- 2 buah stroberi, iris tipis \n- 1/4 buah semangka merah/kuning, potong dadu \n- 1 buah mangga matang, potong dadu \n- 1 buah kiwi, iris-iris \n- 1 buah pisang, iris tipis \n- 3 scoop es krim vanilla \n- mochi secukupnya \n- es serut secukupnya \n- kental manis putih secukupnya \n- 100 gram kacang merah \n- 100 gram gula pasir \n- 1 liter air ', '- Rendam kacang merah di dalam air semalaman. \n- Setelah itu rebus bersama seliter air dan gula pasir sampai empuk dan airnya mengering. Setelah itu sisihkan setup kacang merah.\n- Tata es serut di dasar mangkuk. Kemudian letakkan cornflakes, stroberi, kiwi, pisang, mangga, setup kacang merah, dan mochi. \n- Tuangi kental manis, lalu letakkan es krim vanilla sebagai topping di atasnya. '),
(16, 'admingiven', 'Kimbap', 'Kimbap atau gimbap yang secara harfiah berarti nasi rumput laut.', '- 450 gram nasi pulen\n- 1 1/2 sendok makan minyak wijen\n- 1 sendok teh garam\n- 5-6 lembar nori ukuran 18x21 cm\n- 250 gram fillet daging ayam/sapi, potong memanjang\n- 1 siung bawang putih, haluskan\n- 1 sendok makan saus tiram\n- 1 sendok makan kecap asin\n- 1 sendok teh minyak wijen\n- 1 sendok teh gula pasir\n- garam secukupnya\n- gula pasir secukupnya\n- 3 butir telur ayam, kocok lepas\n- garam secukupnya\n- manisan lobak secukupnya, iris korek api\n- pakis, rebus dan peras airnya\n- 1 batang wortel besar, potong korek api\n- 1 sendok teh minyak goreng\n- 1/4 sendok teh garam\n- 1/2 ikat bayam/pokchoy\n- 1/4 sendok teh garam\n- 1/2 sendok teh minyak wijen\n- minyak wijen secukupnya\n- wijen sangrai secukupnya', '- Campur daging ayam/sapi dengan bawang putih, saus tiram, kecap asin, minyak wijen, gula pasir, dan garam. Diamkan selama 15 menit, kemudian tumis hingga matang.\n- Bumbui telur dengan garam, kemudian buat dadar telur yang agak tebal. Iris-iris memanjang.\n- Tumis wortel yang sudah dipotong korek api, kemudian bumbui dengan garam. Sisihkan.\n- Rebus bayam/pokchoy selama 1 menit, kemudian bumbui dengan garam dan minyak wijen.\n- Bumbui nasi dengan garam dan minyak wijen, kemudian ratakan di atas nori.\n- Letakkan daging ayam/sapi, wortel, bayam/pokchoy, manisan lobak, telur, dan pakis. Kemudian gulung dengan bantuan bamboo mat.\n- Poles permukaan kimbap dengan minyak wijen, kemudian taburi wijen sangrai.'),
(17, 'admingiven', 'Maeun Dakbal', 'Rasanya pedas berbumbu dengan taburan daun bawang dan wijen sangrai.', '- 500 gram ceker, potong kukunya \n- 1 sendok makan saus tiram \n- 1 sendok makan saus tomat \n- 2 sendok makan saus cabai \n- 1 sendok makan cabai bubuk (sesuai selera) \n- 1/2 gelas kecil sisa air merebus ceker \n- garam secukupnya \n- gula secukupnya \n- daun bawang secukupnya, iris halus \n- wijen sangrai secukupnya \n- 5 siung bawang merah \n- 2 siung bawang putih \n- 4 cabai merah \n- 9 cabai rawit \n- 1 cm jahe ', '- Rebus ceker yang sudah dicuci sampai empuk. Tiriskan dan sisihkan air sisa rebusannya untuk memasak nanti. \n- Proses bumbu halus, kemudian tumis dengan sedikit minyak sampai harum. Masukkan ceker, kemudian bumbui dengan saus tiram, saus cabai, saus tomat, garam, gula, dan cabai bubuk. \n- Tuangi air sisa rebusan ceker, kemudian masak sampai air mengering. Koreksi rasa, kemudian angkat dari kompor jika sudah sesuai selera. '),
(18, 'admingiven', 'Kimchi Jeon', 'Pancake berbahan dasar telur dan daun bawang yang dibumbui kimchi.', '- 100 gram kimchi\n- 5 sendok makan tepung terigu\n- 2 sendok makan air perasan kimchi\n- 1 sendok makan cabai bubuk\n- 1 batang daun bawang \n- margarin secukupnya \n- air secukupnya \n- garam dan merica secukupnya ', '- Ambil bagian hijau daun bawang, iris memanjang, kemudian sisihkan. \n- Campurkan tepung terigu, garam, merica, dan cabai bubuk. Aduk rata dan beri air, kemudian aduk hingga mendapatkan kekentalan sedang.\n- Masukan kimchi, air perasan kimchi, dan daun bawang. Aduk kembali hingga rata.\n- Siapkan wajan antilengket. Panaskan margarin, lalu tuang adonan kimchi jeon, dan masak hingga matang. '),
(19, 'admingiven', 'Dakgangjeong', 'Olahan ayam goreng khas Korea Selatan. Setelah digoreng renyah, masih dibalut dengan bumbu yang legit dan ditaburi kacang dan wijen', '- 1 1/2 kilgram ayam yang sudah dipotong-potong\n- 1/2 sendok teh garam\n- 1/2 sendok teh lada hitam\n- 1 sendok teh jahe, cincang\n- 80 gram tepung kentang atau tepung maizena\n- 40 gram kacang tanah, goreng (optional)\n- 4 siung bawang putih, cincang\n- 3 atau 4 buah cabai merah, buang bijinya, potong melintang menjadi 3 bagian\n- 60 ml kecap asin\n- 120 ml sirup beras atau sirup jagung (bisa dibeli di supermarket)\n- 1 sendok makan cuka putih\n- 1 sendok makan mustard (optional)\n- 1 sendok makan gula merah\n- 1 sendok makan biji wijen\n- Minyak sayur/minyak goreng', '- Taruh ayam dalam mangkuk dan aduk rata dengan garam, jahe, dan lada hitam. \n- Lapisi ayam dengan tepung kentang/tepung maizena. Tekan-tekan ayam agar lapisan tepung melekat sempurna. Setelah itu sisihkan ayam. \n- Panaskan wajan, tambahkan 2 sendok makan minyak, bawang putih cincang, dan cabai merah. Tumis hingga harum. Tambahkan kecap, sirup beras/sirup jagung, cuka, dan saus mustard (opsional). Aduk dan biarkan sampai mengeluarkan gelembung selama beberapa menit. Tambahkan gula merah dan aduk hingga gula merah cair. Angkat dan sisihkan.\n- Goreng ayam yang sudah dilapisi tepung di dalam minyak panas dan masak selama sekitar 12 sampai 13 menit. Angkat dan tiriskan, lalu diamkan selama beberapa menit sampai agak dingin. Kemudian goreng kembali selama 12 atau 15 menit dan tiriskan kembali. Proses penggorengan dua kali ini dimaksudkan agar ayam renyah dan bagian dalamnya matang sempurna.\n- Panaskan kembali saus sampai gelembung. Jangan terlalu lama agar saus tidak mengeras. Masukkan ayam goreng dan kacang tanah, kemudian aduk hingga rata. \n- Angkat dan sajikan dengan taburan biji wijen. '),
(20, 'admingiven', 'Kimchi Jjigae', 'Rebusan dengan bahan dasar kuah kimchi khas Korea.', '- 200 gram daging \n- 150 gram kimchi \n- 2 sendok makan bubuk cabai Korea \n- 3 siung bawang putih, cincang halus \n- 1 sendok makan kecap asin \n- 1 batang daun bawang perai, iris melintang \n- 1/2 potong tahu sutera \n- 2 buah cabai hijau, iris melintang \n- 500 ml air', '- Bumbui daging dengan garam dan merica. Potong-potong tahu, iris-iris kimchi seukuran satu suapan, kemudian sisihkan. \n- Panaskan sedikit minyak di dalam panci, kemudian tumis daging hingga matang. Masukan kimchi, bawang putih, dan bubuk cabai. Setelah diaduk, tutup panci dan biarkan selama 1 menit. \n- Buka penutup panci, kemudian tuang air. Bumbui dengan kecap asin. Masukkan tahu dan daun bawang. Masak hingga kuah mendidih dan seluruh bahan yang digunakan matang sempurna. '),
(21, 'admingiven', 'Chicken Charsiu', 'Olahan Ayam Tanpa Tulang Dengan Khas Chairsiuw', '- 500 gr daging ayam bagian paha tanpa tulang \n- 3 sdm bumbu chairsiuw \n- 1.5 sdt angkak (jerang air panas, haluskan) atau bisa menggunakan pewarna merah \n- 2 siung bawang putih haluskan \n- 1 sdm minyak wijen \n- 1 sdt bumbu ngohiong \n- 1/2 sdt jahe parut \n- 2-3 sdm madu \n- 1 sdm saus tiram (optional) \n- Garam, gula, penyedap, lada secukupnya ', '- Tusuk-tusuk daging dengan garpu. Marinated dengan semua bumbu, masukkan kulkas, tutup dengan clingwrap semalaman atau minimal 3 jam.\n- Panggang di oven suhu 190 derajat sekitar 40 menit.\n- Setelah matang, akan ada banyak juice yang keluar, tiriskan. \n- Tuntaskan dengan cara bakar di atas teflon sampai sedikit mengering dan berasap. \n- Selama panggang di teflon, bolak-balik sembari dioles dengan madu dan sisa minyak panggangan. \n- Potong-potong dan nikmati dengan mi atau nasi. '),
(22, 'admingiven', 'Mapo Tofu', 'Hidangan tahu yang populer yang berasal dari provinsi Sichuan.', '- Tahu halus / tahu susu 1 kotak \n- 250 gr daging cincang \n- 1 plastik enoki \n- 10 siung bawang putih cincang \n- 1/2 biji bawang bombay, potong besar \n- 2 biji cabai merah besar, potong besar \n- Daun bawang potong kecil untuk garnish\n- 2 cm jahe, geprek \n- 2 sdm soybean paste / tauco \n- 1 sdm saus doubanjiang / szechuan sauce\n- 2 sdt merica \n- 2 sdt gula \n- 2 sdm maizena, larutkan\n- 200ml air putih\n- Minyak untuk menumis secukupnya', '- Tumis bawang putih, bawang bombay dan jahe sampai layu. \n- Masukkan daging giling tumis hingga matang. \n- Masukkan bumbu halus, merica, gula, tambahkan 200 ml air, tes rasa. \n- Masukkan tahu, enoki, cabai merah, daun bawang. Tuangkan larutan maizena. Tutup sebentar hingga tahu masak. \n- Siap dihidangkan.'),
(23, 'admingiven', 'Fuyunghai', 'Fuyunghai dengan bumbu saos asam manis yang sangat delicius', '- 4 butir telur\n- 1 buah wortel, potong korek api, bagi jadi 2 bagian ke dalam 2 mangkuk\n- buah kubis, iris memanjang\n- 1 buah dada ayam rebus, suwir-suwir\n- 1 genggam kacang polong, cuci bersih (optional) \n- buah bawang bombay, iris bulat \n- 3 siung bawang putih, iris bulat \n- 4 cabai rawit merah, iris serong\n- 5 sendok makan saus tomat\n- 2 sendok makan saus tiram\n- 1 sendok makan gula\n- garam dan merica secukupnya\n- 1 gelas air\n- minyak goreng', '- Pecahkan telur ke mangkuk, beri sedikit garam, kocok rata.\n- Masukkan 1 bagian wortel, kubis, dan ayam suwir. Kocok sampai tercampur.\n- Goreng telur. Tiriskan dan taruh di atas piring saji\n- Tumis bawang bombay, bawang putih, dan cabai sampai harum. \n- Masukkan 1 bagian wortel yang tersisa dan kacang polong. Tambahkan garam dan merica secukupnya. Aduk rata.\n- Tuangkan saus tomat, saus tiram, dan gula. Aduk rata, lalu tuang air sedikit demi sedikit hingga saus mulai cair.\n- Tunggu hingga mendidih, lalu tuangkan ke mangkuk atau siram ke atas telur goreng'),
(24, 'admingiven', 'Kwetiau Goreng', 'Hidangan seperti mie yang digoreng yang beraroma dan pedas', '- 1 pack kwetiau basah \n- 4 siung bawang merah \n- 5 siung bawang putih \n- 1 butir kemiri \n- 1 sdm udang kering \n- 1/2 sdt lada bubuk \\n\n- garam \n- masako ayam \n- kecap (sesuai selera) \n- 1 butir telur\n- irisan kubis \n- garnish \n- 2 lembar selada \n- irisan cabai rawit (selera pedas)\n- irisan ayam', '- Giling halus semua bumbu beserta Ebi. Lalu tumis hingga harum.\n- Masukkan sebutir telur lalu aduk hingga telur matang. Masukkan irisan kubis. \n- Masukkan kwetiau, apabila sedikit kering dapat tambahkan 3 sdm air matang. Masak hingga kwetiau lunak. \n- Beri garam, lada bubuk, kecap manis, dan kaldu ayam. '),
(25, 'admingiven', 'Sapo tahu', 'Masakan bagi para vegetarian karena bahan-bahannya tidak menggunakan daging atau ikan, melainkan hanya sayur dan rempah-rempah.', '- 100 gram dada ayam (potong-potong kecil) \n- 3 buah firm tofu potong-potong \n- 1/2 ikat sawi hijau \n- 1/2 paprika merah iris tipis\n- 1 cm jahe (cincang halus) \n- 3 siung bawang putih (cincang)\n- 1 batang daun bawang (iris-iris) \n- 1 buah bawang bombay sedang (iris-iris)\n- 3 sdm minyak goreng \n- 1 sdm saus tiram \n- 2 sdm kecap ikan \n- garam secukupnya\n- merica bubuk secukupnya \n- gula pasir secukupnya \n- 1 sdm full maizena (larutkan) \n- 300 ml ai ', '- Tumis jahe, bawang putih, bawang bombay, dan paprika. \n- Masukkan ayam, aduk hingga agak matang. \n- Masukkan sawi, aduk hingga agak layu. \n- Tambahkan saus tiram, kecap ikan, dan merica. Aduk rata, lalu tambahkan air, aduk kembali. \n- Tuang maizena, aduk rata, dan masak sampai meletup-letup. \n- Masukkan tahu dan daun bawang, beri garam. Aduk rata dan siap disantap. '),
(26, 'admingiven', 'Dimsum ayam', 'Makanan ringan yang jadi bagian penting dari kuliner Tiongkok.', '- 7 potong ayam bagian paha atas dan fillet bagian dagingnya saja. \n- 1 sdt garam\n- 1 sdm gula pasir \n- 1 sdm minyak wijen \n- 1/2 sdt lada halus\n- 3/4 sdm kecap asin\n- 3/4 sdm saus tiram \n- 25 gram sagu tani \n- 1 lembar daun bawang, iris. \n- 4 lembar besar kulit lumpia/pangsit/siomay. Bagi masing-masing menjadi 4 bagian.\n- 1 sdm parutan wortel untuk topping. \n- 5 sachet saus sambal \n- 1 sdt gula pasir\n- 3 sdm air panas, campur semua bahan saus jadi satu. ', '- Ambil 1/3 ayam fillet, cincang halus.\n- Blender 2/3 sisa ayam fillet sebentar saja (sekitar 3-5 detik) dan jangan terlalu halus. Campur jadi 1, lalu sisihkan. \n- Tambahkan garam, gula pasir, minyak wijen, lada halus, kecap asin, saus tiram, sagu tani, daun bawang, dan campur sampai rata. \n- Ambil 1 lembar kulit, isi sekitar 1 sdm adonan, lalu bentuk adonan dimsum. Lakukan sampai adonan habis. \n- Gunting ujung kulit yang bersisa agar adonan lebih rapi. Beri topping parutan wortel. \n- Kukus adonan selama kurang lebih 20 menit. Angkat dan sajikan dengan saus sambal sesuai selera. '),
(27, 'admingiven', 'Mini wonton goreng', 'Wonten goreng olahan seperti krupuk pangsit dengan teknik menggoreng', '- 1/4kg udang giling \n- 1/2 potong fillet daging ayam giling \n- Kulit pangsit tipis \n- 1 buah wortel cincang halus \n- 6 buah jamur kancing rebus sebentar lalu cincang halus \n- 4 sdm tepung tapioka \n- 1 sdt minyak wijen \n- 1 sdt kecap asin \n- Merica, garam, kaldu bubuk secukupnya \n- Minyak untuk menggoreng', '- Campur semua bahan kecuali kulit pangsit. \n- 1 kulit pangsit dibagi menjadi 4 bagian \n- Ambil sejumput adonan dan taruh di tengah kulit pangsit. \n- Lalu lipat jadi 2 bentuk segitiga dan direkatkan dengan air putih lalu lipat lagi. \n- Goreng dengan minyak panas dan api kecil agar adonan di dalamnya benar-benar matang dan kulit tidak gosong. \n- Sajikan dengan saos bangkok '),
(28, 'admingiven', 'Wonton soup', 'Soup Wonten Seperti Simomay khas china', '- 300 gr dada ayam giling \n- 1 butir telur \n- 4 sdm tepung tapioka \n- 1 sdt garam \n- 1/2 sdt lada \n- 1 sdm minyak wijen \n- 2 sdm bawang putih goreng \n- 5 tahu putih belah 2 jadi segitiga \n- Kulit pangsit secukupnya \n- 2 liter air \n- 2 sdt garam \n- 1 Lada \n- 1 sdm saus tiram \n- Daun bawang \n- Bawang putih goreng ', '- Campur ayam giling dengan tekur, tepung tapioka dan bumbu. Aduk rata.\n- Isi pangsit dengan bahan isian, gunakan putih telur untuk mengelem pinggiran pangsit agar tidak lepas. \n- Isi tahu dengan bahan isian. \n- Rebus pangsit dan tahu hingga matang. Tiriskan.\n- Dalam panci terpisah rebus air hingga mendidih dan campurkan semua bumbu. Bisa juga masukkan bakso, tetelan, tulang ayam.\n- Sajikan pangsit, tahu dengan kuah. Taburi dengan bawang putih goreng dan daun bawang. '),
(29, 'admingiven', 'Dimsum ceker', 'Dimsum ceker dengan bumbu khas china', '- 500 gr ceker, bersihkan \n- 1 L air es \n- minyak untuk menggoreng \n- 6 siung bawang merah, iris tipis. \n- 4 buah cabai merah, iris serong. \n- 3 cm jahe, potong korek api. \n- 3 buah pekak/bunga lawang \n- 3 sdm kecap asin \n- 3 sdm saus tiram \n- 2 sdm minyak wijen \n- 2 sdm saus tomat \n- 2 sdm gula pasir \n- 3 sdm taosi/tauco hitam (optional) \n- 1 sdt merica hitam bubuk \n- 700 ml air \n- Garam dan kaldu bubuk secukupnya \n- 2 batang daun bawang, iris serong\n- 1 sdm tepung tapioka, larutkan dengan sedikit air \n- Minyak untuk menumis \n- Wijen untuk taburan', '- Panaskan minyak untuk menggoreng ceker. Pastikan ceker sampai terendam minyak. \n- Goreng ceker selama 10 menit dengan api sedang. Jangan lupa tutup penggorengan karena ceker akan sedikit meledak-ledak.\n- Tiriskan ceker yang sudah digoreng, masukkan ke dalam air es. Biarkan ceker mengembang. \n- Panaskan minyak, tumis bawang merah dan cabai merah hingga harum. Tuang air dan masukkan ceker. \n- Beri bumbu-bumbu dan koreksi rasa. Jika sudah pas, masak ceker kurang lebih 1 jam dengan api sedang hingga ceker lunak dan bumbu meresap. Sisakan sedikit airnya.\n- Terakhir masukkan daun bawang dan larutan tapioka. \n- Aduk hingga mengental. \n- Angkat dan sajikan hangat dengan taburan wijen. '),
(30, 'admingiven', 'Hainan chicken rice', 'Masakan Tionghoa yang sering dikaitkan dengan masakan Malaysia atau Singapura, dan juga ditemui di negara tetangga', '- 1 ekor ayam \\n\n- 1 sdm garam kasar \\n\n- 4 cm jahe, iris tipis \\n\n- 2 batang daun bawang \\n\n- 1 sdm minyak wijen \\n\n- 2 sdm minyak goreng \\n\n- 2 buah bawang putih parut \\n\n- 2 cm jahe parut \\n\n- 2 cups beras \\n\n- 2 cups kuah ayam \\n\n- 1/2 sdt minyak wijen \\n\n- 1 sdt garam \\n\n- 2 sdm lime juice \\n\n- 2 sdm kuah ayam \\n\n- 2 sdt gula \\n\n- 15 buah cabe rawit \\n\n- 4 buah bawang putih \\n\n- 1 cm jahe \\n\n- 4 sdm minyak goreng \\n\n- 2 sdm jahe parut \\n\n- 2 buah bawang putih cincang halus \\n\n- 1/2 sdt garam \\n\n- 2 sdt air jeruk nipis \\n\n- 1 bunch fresh cilantrob \\n\n- 1 buah ketimun \\n', '- Untuk ayam, gosok ayam dengan garam kasar ke semua bagian, lalu cuci bersih luar dalam. \\n\n- Bumbui ayam dengan garam luar dan dalam, lalu masukkan jahe dan daun bawang ke dalam ayam. \\n\n- Taruh ayam dalam panci, tambahkan air, air di atas ayam 1cm, rebus sampai mendidih dengan api besar. \\n\n- Setelah mendidih lalu turunkan api kecil masak sekitar 25 menit. Tergantung besar kecilnya ayam. \\n\n- Tusuk dengan sumpit untuk memastikan ayam matang. Setelah ayam matang angkat perlahan agar ayam tidak patah, lalu masukkan ke dalam air es. \\n\n- Buang daun bawang dan jahe. Setelah dingin angkat ayam dari air es, lalu lap kering dengan tissue dapur, lalu lumuri dengan minyak wijen, agar kulit ayam tidak kering. \\n\n- Kemudian pisahkan ayam dari tulang dan potong tipis. Sisihkan. \\n\n- Cuci bersih beras lalu rendam sekitar 10 menit, tiriskan. Panaskan minyak lalu tambahkan jahe dan bawang putih, tumis sampai harum. \\n\n- Masukkan beras, aduk sampai rata lalu tambahkan minyak wijen. Angkat lalu masukkan dalam rice cooker tambahkan kuah ayam dan garam. Masak sampai matang. \\n\n- Untuk saos cabai, masukkan semua bahan ke dalam blender lalu blend sampai halus. \\n\n- Untuk saus jahe, dalam wajan kecil panaskan minyak sampai mulai berasap lalu matikan api. Masukkan jahe dan bawang putih aduk sampai rata. \\n\n- Lalu setelah set masukkan garam dan air jeruk nipis. Sajikan nasi bersama, ayam, saos cabai, saus jahe, kecap manis, irisan mentimun dan sup yang sudah ditambahkan sedikit garam, daun bawang. \\n'),
(31, 'admingiven', 'Gaeng Keow Wan', 'Rasanya cukup unik dengan bumbu halus yang terbuat dari cabai hijau dan kemangi tumbuk.', '- 1 kg ayam, potong menjadi 6 bagian \n- 2 buah terong bulat, belah 4 \n- 400 ml santan kental \n- 300 ml air \n- 5 sendok makan minyak goreng \n- garam secukupnya \n- 5 kuntum kemangi \n- 3 lembar daun jeruk \n- 10-15 buah cabai rawit hijau \n- 8 buah cabe hijau besar \n- 8 butir bawang merah \n- 5 kuntum kemangi \n- 5 siung bawang putih \n- 2 cm lengkuas \n- 2 akar pohon daun ketumbar (bisa diganti daun/bijinya) \n- 2 lembar daun jeruk \n- 1 batang serai, iris tipis \n- 1 sendok teh merica \n- 1/2 sendok teh jintan, sangrai \n- 1/2 sendok teh terasi ', '- Haluskan bahan-bahan bumbu halus dengan diblender. \n- Panaskan minyak goreng, lalu tumis bumbu halus bersama daun jeruk hingga harum.\n- Masukkan ayam, aduk sebentar, lalu susul dengan air dan santan. Masak sampai ayam matang. \n- Jika ayam sudah matang, masukkan terong dan masak lagi sampai terong matang. \n- Matikan api, lalu masukkan kemangi yang sudah dikuntumi. Aduk sebentar, lalu angkat dari kompor. '),
(32, 'admingiven', 'Pad Thai', 'Mie goreng seafood khas thailand karena menggunakan seafood, kucai, dan kecap ikan.', '- 160 gram rice noodles/kwetiauw beras, seduh \n- 100 gram tauge\n- 100 gram tahu kuning, potong dadu dan goreng\n- 10 ekor udang kupas \n- 3 sendok makan minyak sayur \n- 3 siung bawang putih, cincang halus \n- 2 butir telur ayam \n- 1 ikat daun kucai, iris 4 cm \n- 50 ml air asam jawa \n- 3 sendok makan kecap ikan \n- 2 sendok makan saus tomat \n- 1 sendok makan kecap manis \n- 1 sendok makan saus tiram \n- 1 sendok makan minyak sayur (untuk mengurapi mie) \n- 1 sendok teh kaldu jamur \n- 1 sendok makan gula pasir \n- 1/4 sendok teh merica bubuk \n- 20 gram kacang tanah goreng, tumbuk kasar \n- 2 sendok teh gula pasir \n- 2 sendok teh cabai bubuk \n- 1 buah jeruk nipis ', '- Seduh rice noodles/kwetiauw beras dengan air panas hingga lunak, kemudian tiriskan. Urapi dengan sedikit minyak agar tidak lengket. \n- Panaskan tiga sendok makan minyak goreng, kemudian tumis bawang putih hingga harum. \n- Masukkan telur ayam dan buat orak-arik. \n- Masukkan udang dan tahu goreng, lalu aduk sampai berubah warna. \n- Masukkan rice noodles/kwetiauw, lalu bumbui dengan asam jawa, kecap ikan, saus tomat, kecap manis, saus tiram, gula pasir, kaldu jamur, dan merica bubuk. Aduk hingga tercampur rata. \n- Setelah bumbu tercampur, masukkan kucai dan tauge. Aduk rata dan masak sampai sekadar layu. \n- Angkat pad thai dari penggorengan dan hidangkan di piring saji. \n- Taburi pad thai dengan kacang tumbuk. \n- Letakkan jeruk nipis, gula pasir, dan cabai bubuk di wadah terpisah. '),
(33, 'admingiven', 'Montad Chuame', 'Singkong rebus manis dengan vla santan yang gurih', '- 2 batang singkong ukuran besar\n- 65 ml santan kental\n- 2 sendok makan tepung maizena (larutkan)\n- 4 sendok makan gula pasir\n- 1/2 sendok teh garam \n- 2 gelas air\n- 1 lembar daun pandan, simpulkan', '- Rebus singkong yang sudah dipotong dan dicuci bersih bersama gula hingga matang, lalu tiriskan.\n- Masak santan dan pandan hingga mendidih, lalu tambahkan tepung maizena yang sudah dilarutkan dengan segelas air.\n- Masak hingga santan mengental dan meletup-letup, lalu tambahkan sedikit garam. Angkat dari kompor. '),
(34, 'admingiven', 'Mango sticky rice', 'Sama seperti ketan pulut durian namun duriannya diganti mangga', '- 250 gram beras ketan putih \n- 300 ml santan kental \n- 2 gelas air \n- 200 gram gula pasir \n- 1/2 sendok teh garam \n- 1 lembar daun pandan \n- 120 ml santan kental \n- 1 sendok makan gula putih\n- 1/4 sendok teh garam\n- 1 sendok makan tepung tapioka\n- 3 buah mangga gadung, golek, atau arumanis \n- 1 sendok makan wijen sangrai ', '- Kukus beras ketan dengan air selama 15 menit atau sampai air di panci kukusan susut. \n- Campurkan 300 ml santan, gula pasir, dan garam di dalam panci. Masukkan daun pandan yang sudah disimpulkan. Rebus menggunakan api sedang hingga mendidih. \n- Masukkan nasi ke dalam campuran santan dan aduk rata. Diamkan selama 1/2 jam. Kemudian kukus selama 20 menit atau sampai matang. '),
(35, 'admingiven', 'Tom Yum Goong', 'Tom yum goong nam sai yang berkuah bening dan tom yum goong nam khon yang berkuah keruh dengan campuran susu', '- 250 gram fillet ikan kakap \n- 100 gram jamur kancing, belah \n- 100 gram cumi, potong seperti cincin \n- 15 buah bakso ikan/bakso udang \n- 15 ekor udang ukuran sedang, sisihkan kulit dan kepalanya untuk kaldu \\n\n- 8-10 buah cabai rawit, biarkan utuh \\n\n- 5 lembar daun jeruk \\n\n- 5 sendok makan kecap ikan \\n\n- 3 sendok makan minyak goreng \\n\n- 2 buah wortel, iris tipis \\n\n- 2 sendok teh garam \\n\n- 1 sendok makan gula pasir \\n\n- 1 batang serai, memarkan \\n\n- 1,5 liter air \\n\n- 2-3 siung bawang putih, cincang halus \\n\n- 1 sendok makan minyak goreng \\n\n- 1 buah jeruk nipis \\n\n- 3 batang daun ketumbar, rajang kasar \\n\n- 1 batang daun bawang, iris halus \\n\n- 10 butir bawang merah \\n\n- 8 siung bawang putih \\n\n- 5-8 buah cabai merah \\n\n- 5 cm lengkuas \\n\n- 3 lembar daun jeruk \\n\n- 2 sendok makan ebi, seduh air panas \\n\n- 2 sendok teh saus tiram \\n\n- 2 batang serai, ambil bagian putihnya saja \\n\n- 2 sendok makan asam jawa \\n\n- 1 sendok makan gula merah \\n', '- Cuci bersih kulit dan kepala udang. Lalu tumis bersama minyak goreng dan bawang putih. Setelah itu tuangkan 1,5 liter air dan rebus hingga mendidih. Saring kaldunya dan sisihkan. \n- Haluskan bahan-bahan pasta tom yum, lalu tumis bersama minyak goreng. Masukkan daun jeruk, serai, dan cabai rawit. Aduk sampai harum. \n- Panaskan kembali kaldu udang, lalu masukkan tumisan bumbu pasta tom yum ke dalamnya. \n- Masukkan wortel dan jamur kancing. \n- Bumbui sup dengan kecap ikan, garam, dan gula pasir. \n- Masak hingga kuah mendidih dan semua bahan matang. \n- Terakhir, masukkan udang kupas dan cumi. Masak selama 2 menit, kemudian angkat dari kompor. \n- Sajikan tom yum goong di mangkuk. Kucuri air perasan jeruk nipis, kemudian taburi daun bawang dan daun ketumbar. '),
(36, 'admingiven', 'Gai hor bai toey', 'Biasanya di sebut dengan hidangan ayam goreng pandan', '- 500 gram fillet ayam \n- 1 sendok makan saus tiram \n- 1 sendok makan kecap asin \n- 1 sendok teh minyak wijen \n- 1/2 sendok teh merica \n- 3 siung bawang putih, haluskan \n- 1 sendok teh kecap manis \n- daun pandan lebar secukupnya \n- minyak goreng secukupnya ', '- Urapi ayam dengan garam, lalu cuci bersih. Potong sesuai selera sesudahnya. \n- Bumbui ayam dengan campuran rempah bumbu, kemudian diamkan di dalam lemari es minimal sejam. \n- Keluarkan ayam bumbu dari lemari es, kemudian bungkung rapi dengan daun pandan. \n- Panaskan minyak goreng dalam jumlah banyak, kemudian goreng ayam hingga matang. '),
(37, 'admingiven', 'Som Tum', 'Salad pepaya muda dari Thailand. Rasanya asam, manis, gurih, dan pedas.', '- 100 gram pepaya mentah, iris tipis \n- 50 gram wortel, iris tipis \n- 25 gram ebi, haluskan \n- 2 siung bawang putih \n- 2 buah cabai rawit atua sesuai selera \n- 1 buah jeruk nipis besar matang \n- 1 buah tomat \n- 1 buah kacang panjang \n- 1 sendok makan gula merah \n- 1 sendok makan kecap ikan  \n- kacang tanah panggang secukupnya ', '- Siapkan ulekan dan semua bahan. Ulek cabai rawit dan bawang putih bersamaan. Tambahkan gula pasir, kacang panjang, dan tomat. Aduk perlahan hingga rata. \n- Peras lemon dan aduk rata airnya bersama kecap ikan.\n- Tambahkan irisan pepaya, wortel, ebi, dan kacang ke dalam campuran air lemon dan kecap ikan. Aduk hingga rata. \n- Tunggu hingga bumbu meresap ke dalam pepaya dan wortel. Setelah itu, hidangkan. '),
(38, 'admingiven', 'Khao phad', 'Nasi goreng dengan pugasan telur dan udang khas thailand', '- 3 porsi nasi putih sisa semalam \n- 400 gram ayam fillet, potong dadu kecil \n- 2 butir telur ayam, kocok lepas \n- 1 sendok makan bawang putih, cincang halus\n- 1/2 buah bawang bombay besar, iris\n- 5 sendok makan minyak goreng\n- 5-7 buah cabai rawit\n- 1/2 sendok teh merica bubuk\n- 2 sendok makan kecap ikan\n- 1 sendok makan kecap asin\n- 1 sendok makan air jeruk nipis\n- 1 sendok teh gula pasir\n- 1 buah tomat, cincang\n- garam secukupnya\n- daun bawang secukupnya, iris halus\n- irisan lemon secukupnya\n- irisan mentimun secukupnya\n- daun ketumbar secukupnya, iris halus', '- Cuci bersih ayam. Urapi dengan kecap dan tepung maizena. Diamkan selama 15 menit.\n- Goreng telur dengan cara diorak-arik, lalu sisihkan. \n- Panaskan minyak dalam wajan. Tumis bawang putih cincang dan bawang bombay sampai harum. \n- Masukkan ayam, tomat, cabai, daun bawang, dan telur orak-arik. Aduk rata.\n- Masukkan nasi putih; lalu bumbui dengan kecap ikan, merica, garam, gula, dan air jeruk nipis.\n- Masak sampai nasi tidak basah lagi. Lakukan koreksi rasa. Jika sudah sesuai selera, segera angkat dari kompor. '),
(39, 'admingiven', 'Sum Tom Mamuang', 'Berbahan pepaya muda, ada pula som tum mamuang yang dibuat dari mangga muda serut', '- 2 buah mangga mengkal/setangah matang, kupas dan serut \n- 1 batang daun ketumbar, cincang \n- 1 sendok makan minyak zaitun \n- 4 siung bawang merah, cincang \n- 5 buah cabai rawit, cincang \n- 1 sendok teh cabai bubuk \n- 1 cm terasi bakar, haluskan \n- 2 sendok makan kecap ikan \n- 2 sendok makan gula merah, sisir\n- 1 buah jeruk nipis, peras\n- 100 gram kacang tanah, goreng dan tumbuk kasar\n- 50 gram udang rebon goreng kering', '- Campur semua bumbu dalam mangkuk, lalu masukkan mangga serutke dalamnya. Aduk-aduk hingga mangga agak layu.\n- Masukkan daun ketumbar ke dalamnya. Terakhir beri topping kacang tumbuk dan udang rebon yang digoreng sampai kering.'),
(40, 'admingiven', 'Pad Krapow', 'Ayam cincang pedas khas Thailand.', '- 450 gram fillet ayam \n- 1/2 buah bawang bombay\n- 4 siung bawang putih\n- 2 buah cabai merah besar\n- 3 buah cabai rawit merah\n- 1 genggam daun basil\n- 2 sendok makan saus tiram\n- 2 sendok makan kecap ikan\n- 1 sendok makan kaldu jamur\n- merica bubuk secukupnya\n- garam secukupnya\n- air secukupnya ', '- Panaskan minyak dan tumis bawang bombay dan bawang putih hingga tercium aroma wangi.\n- Masukkan daging ayam fillet yang sudah dipotong dadu.\n- Masukkan cabai merah besar ulek dan irisan cabai rawit merah.\n- Tuang saos tiram, kecap ikan, kaldu jamur, dan kecap manis.\n- Tambahkan gula dan garam.\n- Taburkan daun basil di atas tumisan daging ayam.\n- Tuang sedikit air agar tidak lengket.\n- Setelah itu, angkat dan sajikan. '),
(41, 'admingiven', 'Spaghetti Bolognese', 'Speghetti dengan saos bolognese', '- Minyak untuk menumis\n- 4 siung bawang putih cincang\n- 1 buah bawang bombay potong dadu kecil\n- 250 gram daging sapi cincang\n- 3 buah tomat\n- 2 sdm oregano\n- Blackpepper\n- 100 gram jamur kancing\n- Saos tomat\n- Saos sambal\n- Garam\n- Penyedap', '- Berikan lintasan berbentuk x pada tomat, lalu direbus hingga kulitnya bisa dikupas. Kupas kulit, buang biji dan pangkal tangkai. Cincang kasar.\n- Tumis bawang bombay dan bawang putih. Tunggu hingga harum lalu masukkan daging sapi. Tambahkan blackpepper dan oregano. Aduk rata.\n- Kemudian masukkan tomat cincang dan jamur kancing yg sudah dirajang. \n- Masukkan saos tomat dan saos sambal sesuai selera. Jika tidak suka pedas bisa pake saos tomat saja . \n- Aduk rata lalu tambahkan 500ml air. Tambahkan garam sedikit. Masak dengan api kecil selama 30 menit atau sampai air menyusut dan tekstur saus mengental. Terakhir koreksi rasa dengan menambahkan garam dan atau penyedap '),
(42, 'admingiven', 'Spaghetti Carbonara', 'Speghetti dengan saos carbonara', '- 1/2 bungkus spaghetti\n- 1 gelas susu \n- 1 butir telur\n- 2 buah sosis iris tipis\n- 5 bwg merah\n- 3 bwg putih\n- Bawang pre\n- 100 gr keju\n- secukupnya Oregano\n- Gula\n- Garam ', '- Siapkan semua baha. Rebus sepageti sampai matang kemudian rendam dgn air dingin sampai mengembang baru ditiriskan\n- Tumis semua bumbu dan sosis sampai harum. Masukkan susu tunggu sampai mendidih, masukkan kocokam telur dambil diaduk cepat, kemudian masukkan sebagian keju (sisakan sedikit untuk taburan nanti)\n- Beri gula dan garam sesuai selera, kemudian tes rasa. Terakhir masukkan spageti. Aduk2 hingga rata dan tanak\n- Speghett siap disajikan dengan taburan keju dan oregano. '),
(43, 'admingiven', 'Pizza Oat', 'Pizza oat dengan bumbu tidak menguras dompet', '- Kulit Roti dari 5 roti\n- 3 sdm oat\n- 1 bh telur\n- 1/2 sdt garam', '- Potong2 kecil kulit roti, tambah telur, garam & oat, aduk rata\n- Pipihkan diteflon (ukuran kecil), lalu beri saos tomat (1 sachet), irisan bakso lalu terakhir beri saos sambal (1 sachet)\n- Masak diapi sedang, sekitar 2 menit (ada harum roti) balik perlahan, arah baksonya sbntr saja, angkat pindahkan ke piring saji '),
(44, 'admingiven', 'Risotto', 'Nasi campur khas Italia Utara, yaitu beras yang dimasak dengan kaldu sehingga lengket menyerupai krim', '- Minyak zaitun - 1 sdm \n- Bawang bombay, cincang halus - 1/2 buah \n- Bawang putih, cincang halus - 2 siung\n- Jamur kancing, iris tipis - 80 gram\n- Jamur shitake kering, rebus, iris tipis - 2 buah \n- Thyme kering - 1/4 sdt \n- Garam - secukupnya \n- Lada hitam kasar - 1/2 sdt \n- Beras risotto - 200 gram \n- Kaldu ayam dan sayuran - 800 ml \n- Keju parmesan - 1 sdm \n- Mentega tawar - 1 sdm \n- Parsley cincang - 1/2 sdm ', '- Panaskan minyak zaitun, tumis bawang putih cincang sampai harum, masukkan jamur kancing, aduk sampai layu. Beri sedikit garam dan lada hitam kasar, aduk rata, kemudian simpan ke dalam mangkok. \n- Dengan panci yang sama, lelehkan mentega, tumis bawang bombay sampai harum, masukkan jamur shitake dan beras risotto, aduk sampai beras terbalut mentega. \n- Beri garam, lada hitam, kemudian tuangkan 1/2 gelas kaldu. Aduk-aduk dan masak sampai cairan terserap beras. Beri 1/2 gelas lagi kaldu, masak kembali cairan habis, ulangi sampai nasi matang aldente. \n- Masukkan keju parmesan, aduk rata, kemudian matikan api. Sajikan risotto dengan tumisan jamur kancing, taburan parmesan dan parsley cincang. '),
(45, 'admingiven', 'Tamagoyaki', 'Telur dadar hanya saja bentuknya memang seperti kue gulung', '- 3 Butir telur ayam \n- 1 Sendok makan susu cair\n- 1 Sendok makan wortel yang dicincang halus\n- 1 Sendok makan bawang merah dicincang halus\n- 1 Sendok makan daun bawang diiris halus\n- 1/2 Sendok teh garam\n- 1/2 Sendok makan gula pasir\n- Merica secukupnya', '- Kocok telur bersama susu cair, kemudian saring.\n- Masukkan wortel, bawang merah, daun bawang, garam, gula, dan merica.\n- Panaskan minyak goreng di wajan antilengket bentuk persegi panjang. Masak 1/4 bagian telur hingga setengah matang. Gulung salah satu sisi telur, kemudian olesi bagian wajan yang tidak tertutupi adonan dengan minyak atau margarin.\n- Tuangi 1/4 adonan omelet ke samping omelet yang tidak digulung dan masak sampai setengah matang.\n- Gulung semua bagian, kemudian lakukan hal yang sama sampai adonan habis.\n- Tunggu sampai omelet dingin agar mudah dipotong.'),
(46, 'admingiven', 'Nikujaga', 'Rebusan daging dan kentang ala Jepang', '- 3 buah kentang berukuran sedang\n- 100 gram daging sapi diiris tipis\n- 1 buah bawang bombay\n- 1 buah wortel\n- 100 gram shirataki (bisa diganti soun)\n- 50 gram buncis\n- 2 sendok makan minyak goreng\n- 200 cc kaldu ikan\n- 5 sendok makan gula pasir\n- 2 sendok makan kecap manis\n- 1 sendok makan arak masak\n- 1 sendok teh garam atau sesuai selera', '- Kupas kentang dan potong-potong, kemudian rendam dalam air agar tidak berubah warna. Rendam soun dalam air hingga lunak, kemudian tiriskan dan potong-potong sepanjang 10 cm.\n- Iris wortel, potong buncis sepanjang korek api, dan iris tipis bawang bombay.\n- Panaskan minyak dalam panci,kemudian tumis bawang bombay dan sayuran (kecuali buncis) hingga layu. Tambahkan kaldu ikan, gula, garam, arak masak, dan kecap. Didihkan selama 10 menit.\n- Masukkan daging dan buncis, kemudian masak hingga buncis matang. Angkat dari kompor dan sajikan dalam keadaan hangat.'),
(47, 'admingiven', 'Tempura', 'Olahan tempura tak cuma berbahan udang.', '- 200 gram udang jerbung, kupas\n- 1 buah terong ungu, iris seperti kipas/menyerong\n- 5 buah jamur shitake, kerat menyilang\n- minyak goreng secukupnya\n- 250 ml air es\n- 50 gram tepung terigu serbaguna\n- 50 gram tepung beras\n- 1/4 sendok teh baking soda\n- 1/2 sendok teh garam\n- 50 gram tepung maizena\n- 1 butir telur ayam', '- Campur semua bahan adonan pencelup.\n- Goreng tempura dengan minyak panas dan banyak sampai matang.');
INSERT INTO `recipes` (`idrecipes`, `username`, `nama_recipes`, `description_recipe`, `bahan_bahan`, `cara_memasak`) VALUES
(48, 'admingiven', 'Beef Teriyaki', 'Selain ayam, daging sapi juga bisa diolah dengan teknik memasak teriyaki.', '- 250 gram daging sapi, potong tipis-tipis secara melintang\n- 1 buah bawang bombay, potong tipis-tipis\n- 1 ruas jahe, geprek\n- 4 siung bawang putih, cincang halus\n- 3 sendok makan kecap asin\n- 1 sendok teh merica bubuk\n- 2 sendok gula pasir\n- 1 sendok teh kaldu bubuk\n- 1 sendok makan tepung maizena, larutkan dengan air\n- minyak untuk menumis', '- Campur daging sapi, kecap asin, bawang putih, merica bubuk, dan jahe. Diamkan beberapa saat hingga bumbu meresap.\n- Panaskan minyak di wajan dan tumis bawang bombay hingga harum.\n- Lalu masukkan daging sapi dengan bumbu perendamnya.\n- Tambahkan air, kaldu bubuk, gula, dan garam. Masak hingga daging empuk.\n- Terakhir, kentalkan dengan tepung maizena.\n- Setelah matang dan tercampur rata, angkat.'),
(49, 'admingiven', 'Uramaki Sushi', 'Uramaki pun termasuk sushi roll yang digulung dengan bantuan makisu.', '- 600 gram nasi sushi\n- 20 gram tobiko\n- 2 lembar nori, potong jadi dua bagian\n- mayones secukupnya\n- 400 ml minyak goreng\n- 300 gram udang besar, buang kepala dan sisakan ekornya\n- 50 ml air es\n- 2 sendok makan tepung terigu protein sedang\n- 1 butir telur ayam, kocok lepas\n- 1 sendok makan kecap ikan\n- 1/4 sendok teh garam\n- 1/2 sendok teh merica bubuk', '- Campur terigu, telur, dan air es. Sisihkan.\n- Bersihkan udang, kerat punggungnya, kemudian ambil tali hitam yang menempel di punggung. Setelah itu tekan punggungnya.\n- Lumuri udang dengan kecap ikan, garam, dan merica bubuk. Diamkan hingga 5 menit.\n- Celup udang ke dalam adonan tepung yang sudah dibuat tadi. Gulingkan udang di tepung panir. Panaskan minyak, goreng hingga matang.\n- Letakkan nori di atas makisu, beri nasi di atasnya dan ratakan. Tambahkan tobiko, ratakan kembali, lalu balik perlahan.\n- Atur udang pada salah satu sisi, lalu coretkan mayones di atasnya. Gulung sambil dipadatkan dan rapikan. Potong dan sajikan.'),
(50, 'admingiven', 'Chicken Katsu', 'Gorengan ala Jepang ini biasanya disajikan bersamarice bowlatau semangkuk ramen.', '- 4 potong dada ayam tanpa tulang\n- garam secukupnya\n- merica secukupnya\n- 2 sendok makan tepung terigu\n- 1 butir telur ayam, kocok lepas\n- 250 gram tepung roti\n- 250 ml minyak untuk menggoreng', '- Memarkan daging ayam hingga pipih. Setelah itu taburi kedua sisinya dengan garam dan merica.\n- Letakkan tepung, telur dan tepung roti dalam wadah terpisah.\n- Gulingkan daging ayam di atas tepung. Setelah itu celupkan ke dalam telur yang sudah dikocok lepas. Terakhir balur dengan tepung roti. Pastikan seluruh permukaan ayam tertutup tepung roti.\n- Panaskan minyak di dalam penggorengan, kemudian goreng ayam selama 3-4 menit di setiap sisinya.\n- Angkat chicken katsu dari penggorengan jika permukaannya sudah berwarna keemasan.'),
(51, 'admingiven', 'Menchi Katsu', 'Terbuat dari minced beef alias daging giling yang dicampur dengan telur dan bawang bombay', '- 150 gram daging sapi giling\n- 1/2 bawang bombay, cincang\n- 1/2 sendok teh kaldu sapi (opsional)\n- 1/2 sendok teh gula pasir\n- 1/4 sendok teh merica bubuk\n- 1 putih telur ayam\n- garam secukupnya\n- minyak goreng secukupnya\n- 1 butir telur ayam, kocok lepas\n- tepung terigu secukupnya\n- 50 gram tepung roti', '- Campur daging sapi giling, bawang bombay cincang, dan telur ayam. Kemudian bumbui dengan merica bubuk, garam, gula pasir, merica bubuk, dan kaldu sapi (opsional).\n- Padatkan adonan hingga berbentuk bundar pipih, lalu gulingkan ke tepung terigu.\n- Celupkan adonan katsu ke dalam telur ayam yang sudah dikocok lepas, lalu terakhir balut dengan tepung roti.\n- Panaskan minyak goreng dalam jumlah banyak, lalu goreng menchi katsu dengan api sedang hingga berwarna coklat keemasan.\n- Sajikan menchi katsu bersama saus tomat atau mayones. Sertakan juga salad sayuran yang terdiri dari irisan tipis kol, wortel, dan tomat.'),
(52, 'admingiven', 'Gyoza', 'Sejenis dimsum khas Jepang. Biasanya disantap sebagai cemilan atau makanan pendamping nasi.', '- 150 gram tepung terigu serbaguna\n- 1/2 sendok teh garam\n- air panas secukupnya\n- 250 gram daging giling (babi/sapi/ayam)\n- 3-4 lembar kol, cincang kasar\n- 1 batang daun bawang, iris halus\n- 1 sendok makan saus tiram\n- 1 sendok teh kecap asin\n- 1/2 sendok teh merica bubuk\n- 1 sendok makan tepung maizena\n- 1 sendok makan minyak wijen\n- 2 siung bawang putih, cincang halus\n- 1 cm jahe, parut\n- 1 sendok teh garam', '- Pertama buat adonan kulit terlebih dahulu. Campur terigu dan garam aduk rata. Buat lubang di tengah masukan air panas secukupnya aduk dengan sendok kayu sampai rata. Aduk dengan tangan sampai kalis, diamkan selama 30 mnt.\n- Ambil adonan, bulatkan dan bagi menjadi beberapa bagian\n- Langkah selanjutnya adalah membuat isian. Campur semua bahan isi dan aduk rata.\n- Ambil adonan tepung, pipihkan, lalu masukan 2 sendok teh isian, cubit-cubit ujungnya sampai gyoza tertutup.\n- Siapkan wajan teflon, masukan 1 1/2 sendok makan minyak sayur, susun gyoza di atas teflon.\n- Nyalakan api sedang, goreng sampai bagian bawah gyoza kecoklatan.\n- Masukkan setengah gelas air, lalu tutup wajan dan masak sampai air mengering.\n- Angkat gyoza dari penggorengan dan sajikan bersama kecap asin serta bawang putih cincang.'),
(53, 'admingiven', 'Takoyaki', 'Takoyaki bisa dibuat dengan cetakan untuk membuat kue cubit. Potongan gurita juga bisa diganti dengan keju, cabai, atau daging cincang.', '- 100 gram tepung terigu\n- 340 ml air/susu cair\n- 1 sendok teh kaldu bubuk\n- 1 sendok teh kecap ikan\n- 1 sendok teh bawang putih halus\n- 1 butir telur\n- 1 daun bawang\n- 2 buah gurita, iris kecil-kecil', '- Blender semua bahan, kecuali gurita.\n- Panaskan cetakan kue cubit dengan api sedang, tidak terlalu kecil dan tidak terlalu besar. Kemudian tuangkan adonan ke cetakan kue cubit, beri irisan. Setelah setengah matang, balik adonan tadi agar berbentuk bulat.\n- Biarkan hingga berubah warna menjadi kecokelatan.\n- Tokayaki siap disajikan selagi hangat.'),
(54, 'admingiven', 'Yakitori', 'Terbuat dari irisan tebal daging ayam dan bawang perai yang dipanggang bersama bumbu', '- 500 gram daging ayam, iris seukuran suapan\n- 8 sendok makan kecap asin\n- 4 sendok makan gula pasir\n- 4 sendok makan sake/arak masak\n- 4 sendok makan mirin\n- 2 batang bawang perai, potong 5 cm\n- tusuk sate secukupnya\n- minyak sayur secukupnya', '- Campur kecap asin, gula pasir, sake, dan mirin. Aduk hingga gula larut. Rebus sampai mendidih dan agak kental, kemudian angkat dari kompor.\n- Tusuk daging ayam dan bawang perai dengan tusuk sate secara selang-seling.\n- Olesi yakitori dengan bumbu yang sudah direbus tadi, kemudian panggang yakitori dengan api sedang hingga matang. Boleh juga dipanggang sambil diolesi bumbu.');

-- --------------------------------------------------------

--
-- Struktur dari tabel `recipes_category`
--

CREATE TABLE IF NOT EXISTS `recipes_category` (
  `idrecipes` int(11) NOT NULL,
  `idcategory` int(11) NOT NULL,
  PRIMARY KEY (`idrecipes`,`idcategory`),
  KEY `fk_recipes_has_category_category1_idx` (`idcategory`),
  KEY `fk_recipes_has_category_recipes1_idx` (`idrecipes`)
) ENGINE=InnoDB DEFAULT CHARSET=utf8;

--
-- Dumping data untuk tabel `recipes_category`
--

INSERT INTO `recipes_category` (`idrecipes`, `idcategory`) VALUES
(1, 1),
(2, 1),
(3, 1),
(4, 1),
(5, 1),
(6, 1),
(7, 1),
(8, 1),
(9, 1),
(10, 1),
(11, 2),
(12, 2),
(13, 2),
(14, 2),
(15, 2),
(16, 2),
(17, 2),
(18, 2),
(19, 2),
(20, 2),
(21, 3),
(22, 3),
(23, 3),
(24, 3),
(25, 3),
(26, 3),
(27, 3),
(28, 3),
(29, 3),
(30, 3),
(31, 4),
(32, 4),
(33, 4),
(34, 4),
(35, 4),
(36, 4),
(37, 4),
(38, 4),
(39, 4),
(40, 4),
(41, 5),
(42, 5),
(43, 5),
(44, 5),
(45, 6),
(46, 6),
(47, 6),
(48, 6),
(49, 6),
(50, 6),
(51, 6),
(52, 6),
(53, 6),
(54, 6);

-- --------------------------------------------------------

--
-- Struktur dari tabel `users`
--

CREATE TABLE IF NOT EXISTS `users` (
  `username` varchar(20) NOT NULL,
  `password` varchar(45) DEFAULT NULL,
  `nama` varchar(100) DEFAULT NULL,
  `tanggal_lahir` date DEFAULT NULL,
  PRIMARY KEY (`username`)
) ENGINE=InnoDB DEFAULT CHARSET=utf8;

--
-- Dumping data untuk tabel `users`
--

INSERT INTO `users` (`username`, `password`, `nama`, `tanggal_lahir`) VALUES
('admingiven', 'admin', 'Admin GIven', NULL);

--
-- Ketidakleluasaan untuk tabel pelimpahan (Dumped Tables)
--

--
-- Ketidakleluasaan untuk tabel `recipes`
--
ALTER TABLE `recipes`
  ADD CONSTRAINT `fk_recipes_users1` FOREIGN KEY (`username`) REFERENCES `users` (`username`) ON DELETE NO ACTION ON UPDATE NO ACTION;

--
-- Ketidakleluasaan untuk tabel `recipes_category`
--
ALTER TABLE `recipes_category`
  ADD CONSTRAINT `fk_recipes_has_category_recipes1` FOREIGN KEY (`idrecipes`) REFERENCES `recipes` (`idrecipes`) ON DELETE NO ACTION ON UPDATE NO ACTION,
  ADD CONSTRAINT `fk_recipes_has_category_category1` FOREIGN KEY (`idcategory`) REFERENCES `category` (`idcategory`) ON DELETE NO ACTION ON UPDATE NO ACTION;

/*!40101 SET CHARACTER_SET_CLIENT=@OLD_CHARACTER_SET_CLIENT */;
/*!40101 SET CHARACTER_SET_RESULTS=@OLD_CHARACTER_SET_RESULTS */;
/*!40101 SET COLLATION_CONNECTION=@OLD_COLLATION_CONNECTION */;
